code,system
1570609,ICD10CM
35208811,ICD10CM
35208813,ICD10CM
35208815,ICD10CM
1570609,ICD10CM
35208811,ICD10CM
35208813,ICD10CM
35208815,ICD10CM
44819728,ICD10CM
44830096,ICD10CM
44819728,ICD10CM
44830096,ICD10CM
320749,ICD10CM
40481092,ICD10CM
4056348,ICD10CM
4067424,ICD10CM
4101891,ICD10CM
4111856,ICD10CM
4113582,ICD10CM
4220130,ICD10CM
4343931,ICD10CM
4343932,ICD10CM
4344168,ICD10CM
4344489,ICD10CM
4344490,ICD10CM
4347062,ICD10CM
4067424,ICD10CM
320749,ICD10CM
4101891,ICD10CM
4111856,ICD10CM
4056348,ICD10CM
4343931,ICD10CM
4347062,ICD10CM
4343932,ICD10CM
4344489,ICD10CM
4344490,ICD10CM
4344168,ICD10CM
4113582,ICD10CM
4220130,ICD10CM
40481092,ICD10CM
1570609,ICD10CM
35208811,ICD10CM
35208813,ICD10CM
35208815,ICD10CM
1570609,ICD10CM
35208811,ICD10CM
35208813,ICD10CM
35208815,ICD10CM
44819728,ICD10CM
44830096,ICD10CM
44819728,ICD10CM
44830096,ICD10CM
320749,ICD10CM
40481092,ICD10CM
4056348,ICD10CM
4067424,ICD10CM
4101891,ICD10CM
4111856,ICD10CM
4113582,ICD10CM
4220130,ICD10CM
4343931,ICD10CM
4343932,ICD10CM
4344168,ICD10CM
4344489,ICD10CM
4344490,ICD10CM
4347062,ICD10CM
4067424,ICD10CM
320749,ICD10CM
4101891,ICD10CM
4111856,ICD10CM
4056348,ICD10CM
4343931,ICD10CM
4347062,ICD10CM
4343932,ICD10CM
4344489,ICD10CM
4344490,ICD10CM
4344168,ICD10CM
4113582,ICD10CM
4220130,ICD10CM
40481092,ICD10CM
35207835,ICD10CM
35207839,ICD10CM
35207874,ICD10CM
35208820,ICD10CM
35208821,ICD10CM
35207835,ICD10CM
35207839,ICD10CM
35207874,ICD10CM
35208820,ICD10CM
35208821,ICD10CM
44830091,ICD10CM
44832400,ICD10CM
44833584,ICD10CM
44830091,ICD10CM
44833584,ICD10CM
44832400,ICD10CM
314659,ICD10CM
314963,ICD10CM
36716136,ICD10CM
380747,ICD10CM
4010874,ICD10CM
4045751,ICD10CM
4048214,ICD10CM
4048789,ICD10CM
4088222,ICD10CM
4230338,ICD10CM
4253161,ICD10CM
4269880,ICD10CM
4270883,ICD10CM
4290976,ICD10CM
4343935,ICD10CM
4347064,ICD10CM
45766200,ICD10CM
4230338,ICD10CM
4010874,ICD10CM
380747,ICD10CM
314659,ICD10CM
4048214,ICD10CM
4088222,ICD10CM
4048789,ICD10CM
4045751,ICD10CM
4343935,ICD10CM
4347064,ICD10CM
4269880,ICD10CM
4270883,ICD10CM
4290976,ICD10CM
4253161,ICD10CM
314963,ICD10CM
45766200,ICD10CM
36716136,ICD10CM
35207835,ICD10CM
35207839,ICD10CM
35207874,ICD10CM
35208820,ICD10CM
35208821,ICD10CM
35207835,ICD10CM
35207839,ICD10CM
35207874,ICD10CM
35208820,ICD10CM
35208821,ICD10CM
44830091,ICD10CM
44832400,ICD10CM
44833584,ICD10CM
44830091,ICD10CM
44833584,ICD10CM
44832400,ICD10CM
314659,ICD10CM
314963,ICD10CM
36716136,ICD10CM
380747,ICD10CM
4010874,ICD10CM
4045751,ICD10CM
4048214,ICD10CM
4048789,ICD10CM
4088222,ICD10CM
4230338,ICD10CM
4253161,ICD10CM
4269880,ICD10CM
4270883,ICD10CM
4290976,ICD10CM
4343935,ICD10CM
4347064,ICD10CM
45766200,ICD10CM
4230338,ICD10CM
4010874,ICD10CM
380747,ICD10CM
314659,ICD10CM
4048214,ICD10CM
4088222,ICD10CM
4048789,ICD10CM
4045751,ICD10CM
4343935,ICD10CM
4347064,ICD10CM
4269880,ICD10CM
4270883,ICD10CM
4290976,ICD10CM
4253161,ICD10CM
314963,ICD10CM
45766200,ICD10CM
36716136,ICD10CM
35207882,ICD10CM
35207882,ICD10CM
4119999,ICD10CM
4194154,ICD10CM
4306357,ICD10CM
4324395,ICD10CM
4343937,ICD10CM
4306357,ICD10CM
4324395,ICD10CM
4343937,ICD10CM
4119999,ICD10CM
4194154,ICD10CM
35207882,ICD10CM
35207882,ICD10CM
4119999,ICD10CM
4194154,ICD10CM
4306357,ICD10CM
4324395,ICD10CM
4343937,ICD10CM
4306357,ICD10CM
4324395,ICD10CM
4343937,ICD10CM
4119999,ICD10CM
4194154,ICD10CM
35208819,ICD10CM
35208819,ICD10CM
44832398,ICD10CM
44832398,ICD10CM
440740,ICD10CM
440740,ICD10CM
35208819,ICD10CM
35208819,ICD10CM
44832398,ICD10CM
44832398,ICD10CM
440740,ICD10CM
440740,ICD10CM
35208822,ICD10CM
35208822,ICD10CM
35208822,ICD10CM
35208822,ICD10CM
36715882,ICD10CM
36715882,ICD10CM
36715882,ICD10CM
36715882,ICD10CM
4032894,ICD10CM
4032894,ICD10CM
4032894,ICD10CM
4032894,ICD10CM
4045753,ICD10CM
4045753,ICD10CM
4045753,ICD10CM
4045753,ICD10CM
4077129,ICD10CM
4296039,ICD10CM
4077129,ICD10CM
4296039,ICD10CM
4077129,ICD10CM
4296039,ICD10CM
4077129,ICD10CM
4296039,ICD10CM
4096220,ICD10CM
4292535,ICD10CM
4347067,ICD10CM
46286609,ICD10CM
4096220,ICD10CM
4347067,ICD10CM
4292535,ICD10CM
46286609,ICD10CM
4096220,ICD10CM
4292535,ICD10CM
4347067,ICD10CM
46286609,ICD10CM
4096220,ICD10CM
4347067,ICD10CM
4292535,ICD10CM
46286609,ICD10CM
4105024,ICD10CM
4240306,ICD10CM
4240306,ICD10CM
4105024,ICD10CM
4105024,ICD10CM
4240306,ICD10CM
4240306,ICD10CM
4105024,ICD10CM
4111732,ICD10CM
4111732,ICD10CM
4111732,ICD10CM
4111732,ICD10CM
4119145,ICD10CM
4119145,ICD10CM
4119145,ICD10CM
4119145,ICD10CM
4120160,ICD10CM
4120160,ICD10CM
4120160,ICD10CM
4120160,ICD10CM
4142931,ICD10CM
4142931,ICD10CM
4142931,ICD10CM
4142931,ICD10CM
4193055,ICD10CM
4193055,ICD10CM
4193055,ICD10CM
4193055,ICD10CM
4214822,ICD10CM
4214822,ICD10CM
4214822,ICD10CM
4214822,ICD10CM
4230478,ICD10CM
4230478,ICD10CM
4230478,ICD10CM
4230478,ICD10CM
4240837,ICD10CM
4240837,ICD10CM
4240837,ICD10CM
4240837,ICD10CM
4270354,ICD10CM
4270354,ICD10CM
4270354,ICD10CM
4270354,ICD10CM
4296029,ICD10CM
4296029,ICD10CM
4296029,ICD10CM
4296029,ICD10CM
43020879,ICD10CM
43020879,ICD10CM
43020879,ICD10CM
43020879,ICD10CM
43021059,ICD10CM
43021059,ICD10CM
43021059,ICD10CM
43021059,ICD10CM
43021950,ICD10CM
43021950,ICD10CM
43021950,ICD10CM
43021950,ICD10CM
4305666,ICD10CM
4305666,ICD10CM
4305666,ICD10CM
4305666,ICD10CM
4313304,ICD10CM
4313304,ICD10CM
4313304,ICD10CM
4313304,ICD10CM
4318842,ICD10CM
4318842,ICD10CM
4318842,ICD10CM
4318842,ICD10CM
4318863,ICD10CM
4318863,ICD10CM
4318863,ICD10CM
4318863,ICD10CM
4343344,ICD10CM
4343344,ICD10CM
4343344,ICD10CM
4343344,ICD10CM
4347063,ICD10CM
4347063,ICD10CM
4347063,ICD10CM
4347063,ICD10CM
46272559,ICD10CM
46272559,ICD10CM
46272559,ICD10CM
46272559,ICD10CM
46286442,ICD10CM
46286442,ICD10CM
46286442,ICD10CM
46286442,ICD10CM